Workbook

Sheet Overview
A1: Production Plan | Overview
A4: Project | B4: API Check Annotation Capacity Plan 2026-07-29T06-56-34-330Z | E4: Client | F4: Internal
A5: Description | B5: Create a production plan for four annotators with 120 total hours over 50 weekdays.
A8: Start Date | B8: 46232 | C8: Deadline | D8: 46301
A9: Schedule | B9: Weekdays only | C9: Scheduled Days | D9: 50
A11: PLANNED HOURS | C11: TEAM SIZE | E11: ACTUAL HOURS | G11: COMPLETION
A12: =SUM('Production Plan'!F2:F51) -> 480 | C12: =MAX('Production Plan'!E2:E51) -> 4 | E12: =SUM('Production Plan'!I2:I51) -> 0 | G12: =IF(COUNT('Production Plan'!I2:I51)=0,"",IFERROR(E12/A12,""))
A16: Plan Summary
A17: API Check Annotation Capacity Plan 2026-07-29T06-56-34-330Z revision 2: The 120 hours should be for each annotator, not the entire team.. Planned workload: 480 hours from 2026-07-29 to 2026-10-06 with 4 resource(s).

Sheet Production Plan
A1: No. | B1: Date | C1: Month | D1: Day | E1: Target Active Annotators | F1: Target Total Hours | G1: Target Total Hours per Annotator | H1: Actual Active Annotators | I1: Actual Total Hours | J1: Actual Total Hours per Annotator | K1: Target Hours | L1: Actual Hours | M1: Total Variance | N1: Completion Rate (%) | O1: Status | P1: Notes
A2: 1 | B2: 46232 | C2: =TEXT(B2,"mmm yyyy") -> Jul 2026 | D2: =TEXT(B2,"ddd") -> Wed | E2: 4 | F2: 9.6 | G2: =IFERROR(F2/E2,0) -> 2.4 | J2: =IF(OR(H2="",I2=""),"",I2/H2) | K2: 9.6 | L2: =IF(I2="","",I2) | M2: =IF(I2="","",I2-F2) | N2: =IF(I2="","",IFERROR(I2/F2,"")) | O2: =IF(I2="","Not Started",IF(I2>=F2,"Complete","In Progress")) -> Not Started | P2: Guideline Setup batch annotation
A3: 2 | B3: 46233 | C3: =TEXT(B3,"mmm yyyy") -> Jul 2026 | D3: =TEXT(B3,"ddd") -> Thu | E3: 4 | F3: 9.6 | G3: =IFERROR(F3/E3,0) -> 2.4 | J3: =IF(OR(H3="",I3=""),"",I3/H3) | K3: 9.6 | L3: =IF(I3="","",I3) | M3: =IF(I3="","",I3-F3) | N3: =IF(I3="","",IFERROR(I3/F3,"")) | O3: =IF(I3="","Not Started",IF(I3>=F3,"Complete","In Progress")) -> Not Started | P3: Guideline Setup batch annotation
A4: 3 | B4: 46234 | C4: =TEXT(B4,"mmm yyyy") -> Jul 2026 | D4: =TEXT(B4,"ddd") -> Fri | E4: 4 | F4: 9.6 | G4: =IFERROR(F4/E4,0) -> 2.4 | J4: =IF(OR(H4="",I4=""),"",I4/H4) | K4: 9.6 | L4: =IF(I4="","",I4) | M4: =IF(I4="","",I4-F4) | N4: =IF(I4="","",IFERROR(I4/F4,"")) | O4: =IF(I4="","Not Started",IF(I4>=F4,"Complete","In Progress")) -> Not Started | P4: Guideline Setup batch annotation
A5: 4 | B5: 46237 | C5: =TEXT(B5,"mmm yyyy") -> Aug 2026 | D5: =TEXT(B5,"ddd") -> Mon | E5: 4 | F5: 9.6 | G5: =IFERROR(F5/E5,0) -> 2.4 | J5: =IF(OR(H5="",I5=""),"",I5/H5) | K5: 9.6 | L5: =IF(I5="","",I5) | M5: =IF(I5="","",I5-F5) | N5: =IF(I5="","",IFERROR(I5/F5,"")) | O5: =IF(I5="","Not Started",IF(I5>=F5,"Complete","In Progress")) -> Not Started | P5: Guideline Setup batch annotation
A6: 5 | B6: 46238 | C6: =TEXT(B6,"mmm yyyy") -> Aug 2026 | D6: =TEXT(B6,"ddd") -> Tue | E6: 4 | F6: 9.6 | G6: =IFERROR(F6/E6,0) -> 2.4 | J6: =IF(OR(H6="",I6=""),"",I6/H6) | K6: 9.6 | L6: =IF(I6="","",I6) | M6: =IF(I6="","",I6-F6) | N6: =IF(I6="","",IFERROR(I6/F6,"")) | O6: =IF(I6="","Not Started",IF(I6>=F6,"Complete","In Progress")) -> Not Started | P6: Guideline Setup batch annotation
A7: 6 | B7: 46239 | C7: =TEXT(B7,"mmm yyyy") -> Aug 2026 | D7: =TEXT(B7,"ddd") -> Wed | E7: 4 | F7: 9.6 | G7: =IFERROR(F7/E7,0) -> 2.4 | J7: =IF(OR(H7="",I7=""),"",I7/H7) | K7: 9.6 | L7: =IF(I7="","",I7) | M7: =IF(I7="","",I7-F7) | N7: =IF(I7="","",IFERROR(I7/F7,"")) | O7: =IF(I7="","Not Started",IF(I7>=F7,"Complete","In Progress")) -> Not Started | P7: Guideline Setup batch annotation
A8: 7 | B8: 46240 | C8: =TEXT(B8,"mmm yyyy") -> Aug 2026 | D8: =TEXT(B8,"ddd") -> Thu | E8: 4 | F8: 9.6 | G8: =IFERROR(F8/E8,0) -> 2.4 | J8: =IF(OR(H8="",I8=""),"",I8/H8) | K8: 9.6 | L8: =IF(I8="","",I8) | M8: =IF(I8="","",I8-F8) | N8: =IF(I8="","",IFERROR(I8/F8,"")) | O8: =IF(I8="","Not Started",IF(I8>=F8,"Complete","In Progress")) -> Not Started | P8: Guideline Setup batch annotation
A9: 8 | B9: 46241 | C9: =TEXT(B9,"mmm yyyy") -> Aug 2026 | D9: =TEXT(B9,"ddd") -> Fri | E9: 4 | F9: 9.6 | G9: =IFERROR(F9/E9,0) -> 2.4 | J9: =IF(OR(H9="",I9=""),"",I9/H9) | K9: 9.6 | L9: =IF(I9="","",I9) | M9: =IF(I9="","",I9-F9) | N9: =IF(I9="","",IFERROR(I9/F9,"")) | O9: =IF(I9="","Not Started",IF(I9>=F9,"Complete","In Progress")) -> Not Started | P9: Guideline Setup batch annotation
A10: 9 | B10: 46244 | C10: =TEXT(B10,"mmm yyyy") -> Aug 2026 | D10: =TEXT(B10,"ddd") -> Mon | E10: 4 | F10: 9.6 | G10: =IFERROR(F10/E10,0) -> 2.4 | J10: =IF(OR(H10="",I10=""),"",I10/H10) | K10: 9.6 | L10: =IF(I10="","",I10) | M10: =IF(I10="","",I10-F10) | N10: =IF(I10="","",IFERROR(I10/F10,"")) | O10: =IF(I10="","Not Started",IF(I10>=F10,"Complete","In Progress")) -> Not Started | P10: Guideline Setup batch annotation
A11: 10 | B11: 46245 | C11: =TEXT(B11,"mmm yyyy") -> Aug 2026 | D11: =TEXT(B11,"ddd") -> Tue | E11: 4 | F11: 9.6 | G11: =IFERROR(F11/E11,0) -> 2.4 | J11: =IF(OR(H11="",I11=""),"",I11/H11) | K11: 9.6 | L11: =IF(I11="","",I11) | M11: =IF(I11="","",I11-F11) | N11: =IF(I11="","",IFERROR(I11/F11,"")) | O11: =IF(I11="","Not Started",IF(I11>=F11,"Complete","In Progress")) -> Not Started | P11: Guideline Setup batch annotation
A12: 11 | B12: 46246 | C12: =TEXT(B12,"mmm yyyy") -> Aug 2026 | D12: =TEXT(B12,"ddd") -> Wed | E12: 4 | F12: 9.6 | G12: =IFERROR(F12/E12,0) -> 2.4 | J12: =IF(OR(H12="",I12=""),"",I12/H12) | K12: 9.6 | L12: =IF(I12="","",I12) | M12: =IF(I12="","",I12-F12) | N12: =IF(I12="","",IFERROR(I12/F12,"")) | O12: =IF(I12="","Not Started",IF(I12>=F12,"Complete","In Progress")) -> Not Started | P12: Pilot Annotation batch annotation
A13: 12 | B13: 46247 | C13: =TEXT(B13,"mmm yyyy") -> Aug 2026 | D13: =TEXT(B13,"ddd") -> Thu | E13: 4 | F13: 9.6 | G13: =IFERROR(F13/E13,0) -> 2.4 | J13: =IF(OR(H13="",I13=""),"",I13/H13) | K13: 9.6 | L13: =IF(I13="","",I13) | M13: =IF(I13="","",I13-F13) | N13: =IF(I13="","",IFERROR(I13/F13,"")) | O13: =IF(I13="","Not Started",IF(I13>=F13,"Complete","In Progress")) -> Not Started | P13: Pilot Annotation batch annotation
... A51: 50 | B51: 46301 | C51: =TEXT(B51,"mmm yyyy") -> Oct 2026 | D51: =TEXT(B51,"ddd") -> Tue | E51: 4 | F51: 9.6 | G51: =IFERROR(F51/E51,0) -> 2.4 | J51: =IF(OR(H51="",I51=""),"",I51/H51) | K51: 9.6 | L51: =IF(I51="","",I51) | M51: =IF(I51="","",I51-F51) | N51: =IF(I51="","",IFERROR(I51/F51,"")) | O51: =IF(I51="","Not Started",IF(I51>=F51,"Complete","In Progress")) -> Not Started | P51: Review & Delivery batch annotation

Sheet Weekly Schedule
A1: Week | B1: Start Date | C1: End Date | D1: Planned Hours | E1: Focus | F1: Review Checkpoint
A2: 1 | B2: 2026-07-29 | C2: 2026-08-04 | D2: 12 | E2: Guideline Setup batch annotation | F2: Team lead check-in
A3: 2 | B3: 2026-08-05 | C3: 2026-08-11 | D3: 12 | E3: Guideline Setup batch annotation | F3: Progress review and issue clearing
A4: 3 | B4: 2026-08-12 | C4: 2026-08-18 | D4: 12 | E4: Pilot Annotation batch annotation | F4: Team lead check-in
A5: 4 | B5: 2026-08-19 | C5: 2026-08-25 | D5: 12 | E5: Pilot Annotation batch annotation | F5: Progress review and issue clearing
A6: 5 | B6: 2026-08-26 | C6: 2026-09-01 | D6: 12 | E6: Production Annotation batch annotation | F6: Team lead check-in
A7: 6 | B7: 2026-09-02 | C7: 2026-09-08 | D7: 12 | E7: Production Annotation batch annotation | F7: Progress review and issue clearing
A8: 7 | B8: 2026-09-09 | C8: 2026-09-15 | D8: 12 | E8: QA sample and adjudicate annotation output | F8: Team lead check-in
A9: 8 | B9: 2026-09-16 | C9: 2026-09-22 | D9: 12 | E9: QA sample and adjudicate annotation output | F9: Progress review and issue clearing
A10: 9 | B10: 2026-09-23 | C10: 2026-09-29 | D10: 12 | E10: Review & Delivery batch annotation | F10: Team lead check-in
A11: 10 | B11: 2026-09-30 | C11: 2026-10-06 | D11: 12 | E11: Review & Delivery batch annotation | F11: Progress review and issue clearing

Sheet Resource Allocation
A1: Resource | B1: Role | C1: Planned Hours | D1: Primary Focus | E1: Notes
A2: Resource 1 | B2: Annotator | C2: 30 | D2: Guideline Setup | E2: Weekday allocation
A3: Resource 2 | B3: Annotator | C3: 30 | D3: Pilot Annotation | E3: Weekday allocation
A4: Resource 3 | B4: Annotator | C4: 30 | D4: Production Annotation | E4: Weekday allocation
A5: Resource 4 | B5: Annotator | C5: 30 | D5: QA Sampling | E5: Weekday allocation

Sheet Milestones
A1: Milestone | B1: Target Date | C1: Owner | D1: Dependency | E1: Acceptance Check
A2: Guideline Setup complete | B2: 2026-08-11 | C2: Resource 1 | D2: Inputs confirmed | E2: Finalize annotation rules, examples, and acceptance criteria.
A3: Pilot Annotation complete | B3: 2026-08-25 | C3: Resource 2 | D3: Guideline Setup complete | E3: Run a small batch to calibrate annotators and detect ambiguity.
A4: Production Annotation complete | B4: 2026-09-08 | C4: Resource 3 | D4: Pilot Annotation complete | E4: Complete the main annotation workload at target throughput.
A5: QA Sampling complete | B5: 2026-09-22 | C5: Resource 4 | D5: Production Annotation complete | E5: Sample completed work and resolve quality issues.
A6: Review & Delivery complete | B6: 2026-10-06 | C6: Project lead | D6: QA Sampling complete | E6: Review metrics, apply corrections, and package outputs.

Sheet QA Review
A1: Checkpoint | B1: Date | C1: Scope | D1: Owner | E1: Criteria
A2: Week 1 quality review | B2: 2026-08-04 | C2: QA sample, findings review, and correction queue | D2: Project lead | E2: Output meets agreed rules before continuing
A3: Week 2 quality review | B3: 2026-08-11 | C3: QA sample, findings review, and correction queue | D3: Project lead | E3: Output meets agreed rules before continuing
A4: Week 3 quality review | B4: 2026-08-18 | C4: QA sample, findings review, and correction queue | D4: Project lead | E4: Output meets agreed rules before continuing
A5: Week 4 quality review | B5: 2026-08-25 | C5: QA sample, findings review, and correction queue | D5: Project lead | E5: Output meets agreed rules before continuing
A6: Week 5 quality review | B6: 2026-09-01 | C6: QA sample, findings review, and correction queue | D6: Project lead | E6: Output meets agreed rules before continuing
A7: Week 6 quality review | B7: 2026-09-08 | C7: QA sample, findings review, and correction queue | D7: Project lead | E7: Output meets agreed rules before continuing
A8: Week 7 quality review | B8: 2026-09-15 | C8: QA sample, findings review, and correction queue | D8: Project lead | E8: Output meets agreed rules before continuing
A9: Week 8 quality review | B9: 2026-09-22 | C9: QA sample, findings review, and correction queue | D9: Project lead | E9: Output meets agreed rules before continuing
A10: Week 9 quality review | B10: 2026-09-29 | C10: QA sample, findings review, and correction queue | D10: Project lead | E10: Output meets agreed rules before continuing
A11: Final review | B11: 2026-10-06 | C11: QA sample, findings review, and correction queue | D11: Project lead | E11: Output meets agreed rules before continuing

Sheet Risks and Assumptions
A1: Type | B1: Item | C1: Impact | D1: Mitigation / Note
A2: Risk | B2: Actual productivity may differ from planning assumptions. | C2: MEDIUM | D2: Track progress daily and escalate blockers early.
A3: Risk | B3: Quality findings may require rework near the deadline. | C3: HIGH | D3: Reserve explicit review and correction time.
A4: Assumption | B4: Weekends excluded | C4: Controls available workdays and daily target hours | D4: Schedule generated from normalized planning constraints.

Sheet Progress Tracker
A1: Period | B1: Planned Hours | C1: Actual Hours | D1: Variance | E1: Completion % | F1: Status | G1: Notes
A2: Week 1 | B2: 12 | F2: Not Started
A3: Week 2 | B3: 12 | F3: Not Started
A4: Week 3 | B4: 12 | F4: Not Started
A5: Week 4 | B5: 12 | F5: Not Started
A6: Week 5 | B6: 12 | F6: Not Started
A7: Week 6 | B7: 12 | F7: Not Started
A8: Week 7 | B8: 12 | F8: Not Started
A9: Week 8 | B9: 12 | F9: Not Started
A10: Week 9 | B10: 12 | F10: Not Started
A11: Week 10 | B11: 12 | F11: Not Started

Sheet Summary
A1: Metric | B1: Value
A2: Project type | B2: annotation
A3: Production unit | B3: hours
A4: Start date | B4: 2026-07-29
A5: End date | B5: 2026-10-06
A6: Total planned hours | B6: 120
A7: Team size | B7: 4
A8: Schedule mode | B8: Weekdays only

Sheet Project Information
A1: Field | B1: Value
A2: Project category | B2: annotation
A3: Production unit | B3: hours
A4: Planning model | B4: Not specified
A5: Feasibility status | B5: FEASIBLE
A6: Requires clarification | B6: false
A7: Clarification questions

Sheet Capacity Analysis
A1: Metric | B1: Formula | C1: Value | D1: Unit
A2: Available person-hours | B2: teamSize × workingDays × productiveHoursPerDay | C2: 1600 | D2: hours
A3: Required hours | B3: planned production hours + quality review hours | C3: 120 | D3: hours
A4: Production hours | B4: requiredHours - qualityReviewHours | C4: 105.6 | D4: hours
A5: Quality review hours | B5: max(requiredHours × 12%, scheduledDays × 0.25) | C5: 14.4 | D5: hours
A6: Utilization | B6: requiredHours ÷ availablePersonHours × 100 | C6: 7.5 | D6: %
A7: Buffer hours | B7: availablePersonHours - requiredHours | C7: 1480 | D7: hours
A8: Required daily output | B8: planned workload ÷ workingDays | C8: 2.4 | D8: hours
A9: Required output per resource per day | B9: requiredDailyOutput ÷ teamSize | C9: 0.6 | D9: hours
A10: Feasibility status | B10: deterministic utilization and assumption check | C10: FEASIBLE | D10: status

Sheet Workflow Stages
A1: Stage ID | B1: Stage Name | C1: Purpose | D1: Owner Role | E1: Inputs | F1: Outputs | G1: Planned Start | H1: Planned End | I1: Estimated Hours | J1: Dependencies | K1: Completion Criteria
A2: STG-01 | B2: Guideline Setup | C2: Finalize annotation rules, examples, and acceptance criteria. | D2: Annotator | E2: Project request and confirmed constraints | F2: Guideline Setup deliverables | G2: 2026-07-29 | H2: 2026-08-11 | I2: 24 | K2: Finalize annotation rules, examples, and acceptance criteria.
A3: STG-02 | B3: Pilot Annotation | C3: Run a small batch to calibrate annotators and detect ambiguity. | D3: Annotator | E3: Guideline Setup outputs | F3: Pilot Annotation deliverables | G3: 2026-08-12 | H3: 2026-08-25 | I3: 24 | J3: STG-01 | K3: Run a small batch to calibrate annotators and detect ambiguity.
A4: STG-03 | B4: Production Annotation | C4: Complete the main annotation workload at target throughput. | D4: Annotator | E4: Pilot Annotation outputs | F4: Production Annotation deliverables | G4: 2026-08-26 | H4: 2026-09-08 | I4: 24 | J4: STG-02 | K4: Complete the main annotation workload at target throughput.
A5: STG-04 | B5: QA Sampling | C5: Sample completed work and resolve quality issues. | D5: Annotator | E5: Production Annotation outputs | F5: QA Sampling deliverables | G5: 2026-09-09 | H5: 2026-09-22 | I5: 24 | J5: STG-03 | K5: Sample completed work and resolve quality issues.
A6: STG-05 | B6: Review & Delivery | C6: Review metrics, apply corrections, and package outputs. | D6: Annotator | E6: QA Sampling outputs | F6: Review & Delivery deliverables | G6: 2026-09-23 | H6: 2026-10-06 | I6: 24 | J6: STG-04 | K6: Review metrics, apply corrections, and package outputs.

Sheet Task Breakdown
A1: Task ID | B1: Task Name | C1: Description | D1: Workflow Stage | E1: Assigned Role | F1: Priority | G1: Planned Start | H1: Planned End | I1: Estimated Hours | J1: Planned Quantity | K1: Production Unit | L1: Daily Target | M1: Dependencies | N1: Expected Deliverable | O1: Completion Criteria | P1: Initial Status
A2: TASK-001 | B2: Guideline Setup batch annotation | C2: Finalize annotation rules, examples, and acceptance criteria. | D2: STG-01 | E2: Annotator | F2: MEDIUM | G2: 2026-07-29 | H2: 2026-08-11 | I2: 24 | J2: 24 | K2: hours | L2: 2.4 | N2: Guideline Setup completed | O2: Finalize annotation rules, examples, and acceptance criteria. | P2: NOT_STARTED
A3: TASK-002 | B3: Pilot Annotation batch annotation | C3: Run a small batch to calibrate annotators and detect ambiguity. | D3: STG-02 | E3: Annotator | F3: MEDIUM | G3: 2026-08-12 | H3: 2026-08-25 | I3: 24 | J3: 24 | K3: hours | L3: 2.4 | M3: TASK-001 | N3: Pilot Annotation completed | O3: Run a small batch to calibrate annotators and detect ambiguity. | P3: NOT_STARTED
A4: TASK-003 | B4: Production Annotation batch annotation | C4: Complete the main annotation workload at target throughput. | D4: STG-03 | E4: Annotator | F4: MEDIUM | G4: 2026-08-26 | H4: 2026-09-08 | I4: 24 | J4: 24 | K4: hours | L4: 2.4 | M4: TASK-002 | N4: Production Annotation completed | O4: Complete the main annotation workload at target throughput. | P4: NOT_STARTED
A5: TASK-004 | B5: QA sample and adjudicate annotation output | C5: Sample completed work and resolve quality issues. | D5: STG-04 | E5: Quality reviewer | F5: MEDIUM | G5: 2026-09-09 | H5: 2026-09-22 | I5: 24 | J5: 24 | K5: hours | L5: 2.4 | M5: TASK-003 | N5: QA Sampling completed | O5: Sample completed work and resolve quality issues. | P5: NOT_STARTED
A6: TASK-005 | B6: Review & Delivery batch annotation | C6: Review metrics, apply corrections, and package outputs. | D6: STG-05 | E6: Quality reviewer | F6: HIGH | G6: 2026-09-23 | H6: 2026-10-06 | I6: 24 | J6: 24 | K6: hours | L6: 2.4 | M6: TASK-004 | N6: Review & Delivery completed | O6: Review metrics, apply corrections, and package outputs. | P6: NOT_STARTED

Sheet Quality Plan
A1: Area | B1: Method | C1: Target | D1: Planned Hours
A2: Review coverage | B2: Sampling, validation, and correction queue | C2: Material sample reviewed before completion | D2: 14.4
A3: Rework handling | B3: Track exceptions separately and recheck corrected output | C3: No unresolved critical exceptions at closeout | D3: 5.04

Sheet Risk Register
A1: Risk ID | B1: Description | C1: Category | D1: Probability | E1: Impact | F1: Severity | G1: Trigger | H1: Mitigation | I1: Contingency | J1: Owner Role
A2: RISK-001 | B2: Actual productivity may differ from planning assumptions. | C2: annotation | D2: MEDIUM | E2: MEDIUM | F2: MODERATE | G2: Progress, quality, or resource indicator moves outside threshold | H2: Track progress daily and escalate blockers early. | I2: Use buffer and prioritize critical deliverables. | J2: Project lead
A3: RISK-002 | B3: Quality findings may require rework near the deadline. | C3: annotation | D3: MEDIUM | E3: HIGH | F3: HIGH | G3: Progress, quality, or resource indicator moves outside threshold | H3: Reserve explicit review and correction time. | I3: Use buffer and prioritize critical deliverables. | J3: Project lead

Sheet KPI Tracker
A1: KPI ID | B1: Name | C1: Description | D1: Formula | E1: Unit | F1: Target | G1: Warning Threshold | H1: Critical Threshold | I1: Source Data
A2: KPI-001 | B2: Planned output | C2: Total planned workload | D2: SUM primary target column | E2: hours | F2: 120 | G2: Below daily target | H2: Below 85% of target | I2: Production Plan
A3: KPI-002 | B3: Capacity utilization | C3: Required hours as percentage of available person-hours | D3: requiredHours / availablePersonHours | E3: % | F3: 7.5 | G3: 85% | H3: 100% | I3: Capacity Analysis
A4: KPI-003 | B4: Quality review allocation | C4: Hours reserved for quality-control work | D4: qualityReviewHours | E4: hours | F4: 14.4 | G4: Below 10% of required hours | H4: No quality allocation | I4: Quality Plan

Sheet Chart Specs
A1: Chart ID | B1: Chart Title | C1: Chart Type | D1: Purpose | E1: Source Worksheet | F1: Category Field | G1: Value Fields | H1: Aggregation | I1: Filters | J1: Display Target
A2: CHART-001 | B2: Planned Hours by Day | C2: line | D2: Show daily production targets | E2: Production Plan | F2: Date | G2: Target Total Hours | H2: sum | J2: BOTH
A3: CHART-002 | B3: Capacity vs Required Hours | C3: bar | D3: Compare available and required hours | E3: Capacity Analysis | F3: Metric | G3: Value | H3: none | I3: Available person-hours, Required hours, Buffer hours | J3: BOTH
A4: CHART-003 | B4: Risk Distribution | C4: bar | D4: Summarize risks by impact | E4: Risk Register | F4: Impact | G4: Risk ID | H4: count | J4: DASHBOARD

Sheet Monthly Summary
A1: Month | B1: Planned Hours | C1: Actual Hours | D1: Variance | E1: Completion Rate
A2: Jul 2026 | B2: =SUMIF('Production Plan'!$C$2:$C$51,A2,'Production Plan'!$F$2:$F$51) -> 28.8 | C2: =SUMIF('Production Plan'!$C$2:$C$51,A2,'Production Plan'!$I$2:$I$51) -> 0 | D2: =IF(COUNT('Production Plan'!$I$2:$I$51)=0,"",C2-B2) | E2: =IF(C2=0,"",IFERROR(C2/B2,""))
A3: Aug 2026 | B3: =SUMIF('Production Plan'!$C$2:$C$51,A3,'Production Plan'!$F$2:$F$51) -> 201.6 | C3: =SUMIF('Production Plan'!$C$2:$C$51,A3,'Production Plan'!$I$2:$I$51) -> 0 | D3: =IF(COUNT('Production Plan'!$I$2:$I$51)=0,"",C3-B3) | E3: =IF(C3=0,"",IFERROR(C3/B3,""))
A4: Sep 2026 | B4: =SUMIF('Production Plan'!$C$2:$C$51,A4,'Production Plan'!$F$2:$F$51) -> 211.2 | C4: =SUMIF('Production Plan'!$C$2:$C$51,A4,'Production Plan'!$I$2:$I$51) -> 0 | D4: =IF(COUNT('Production Plan'!$I$2:$I$51)=0,"",C4-B4) | E4: =IF(C4=0,"",IFERROR(C4/B4,""))
A5: Oct 2026 | B5: =SUMIF('Production Plan'!$C$2:$C$51,A5,'Production Plan'!$F$2:$F$51) -> 38.4 | C5: =SUMIF('Production Plan'!$C$2:$C$51,A5,'Production Plan'!$I$2:$I$51) -> 0 | D5: =IF(COUNT('Production Plan'!$I$2:$I$51)=0,"",C5-B5) | E5: =IF(C5=0,"",IFERROR(C5/B5,""))

Sheet Phases & Risks
A1: Delivery Phases & Risk Register
A4: Phase | B4: Objective
A5: Guideline Setup | B5: Finalize annotation rules, examples, and acceptance criteria.
A6: Pilot Annotation | B6: Run a small batch to calibrate annotators and detect ambiguity.
A7: Production Annotation | B7: Complete the main annotation workload at target throughput.
A8: QA Sampling | B8: Sample completed work and resolve quality issues.
A9: Review & Delivery | B9: Review metrics, apply corrections, and package outputs.
A12: Risk | B12: Impact | C12: Mitigation
A13: Actual productivity may differ from planning assumptions. | B13: MEDIUM | C13: Track progress daily and escalate blockers early.
A14: Quality findings may require rework near the deadline. | B14: HIGH | C14: Reserve explicit review and correction time.
A15: Weekends excluded | B15: Controls available workdays and daily target hours | C15: Schedule generated from normalized planning constraints.

Sheet Assumptions
A1: Planning Assumptions
A4: No. | B4: Assumption
A5: 1 | B5: Weekdays only scheduling was used.
A6: 2 | B6: Created by isolated API workflow check.
A7: 3 | B7: Weekdays only scheduling was used.
A8: 4 | B8: Total target hours are distributed across 50 scheduled days.
A9: 5 | B9: Revision 2: The 120 hours should be for each annotator, not the entire team.
