Workbook

Sheet Overview
A1: Production Plan | Overview
A4: Project | B4: Task Approval Monitoring Plan | E4: Client | F4: Not specified
A5: Description | B5: Generate me a production plan for a certain task status monitoring. The main unit of measure is the number of tasks approved. For 3 months starting this September 1, 2026, a total of 300 tasks should be achieved. Each day, there should be a target of 3 operator present. The production plan should also monitor how many tasks are rejected, in pending review, and a daily status flag whether it achieved the target number tasked approved.
A8: Start Date | B8: 46266 | C8: Deadline | D8: 46356
A9: Schedule | B9: Weekdays only | C9: Scheduled Days | D9: 65
A11: PLANNED HOURS | C11: TEAM SIZE | E11: ACTUAL HOURS | G11: COMPLETION
A12: =SUM('Production Plan'!F2:F66) -> 300 | C12: =MAX('Production Plan'!E2:E66) -> 3 | E12: =SUM('Production Plan'!I2:I66) -> 0 | G12: =IF(COUNT('Production Plan'!I2:I66)=0,"",IFERROR(E12/A12,""))
A16: Plan Summary
A17: Task Approval Monitoring Plan revision 4: Can you change the start date to September 1, 2026"? The deadline should change based on the start date and the the given timeframe of 3 months. So the deadline is 3 months afte.... Planned workload: 300 tasks from 2026-09-01 to 2026-11-30 with 3 resource(s).

Sheet Production Plan
A1: No. | B1: Date | C1: Month | D1: Day | E1: Planned Staff | F1: Planned Tasks | G1: Tasks per Person | H1: Actual Staff | I1: Actual Tasks Approved | J1: Tasks per Person (Actual) | K1: Planned Hours | L1: Actual Hours | M1: Variance (Tasks) | N1: Completion Rate (%) | O1: Status | P1: LPB Phase | Q1: Expected Completion % | R1: Notes
A2: 1 | B2: 46266 | C2: =TEXT(B2,"mmm yyyy") -> Sep 2026 | D2: =TEXT(B2,"ddd") -> Tue | E2: 3 | F2: 4.62 | G2: =IFERROR(F2/E2,0) -> 1.54 | J2: =IF(OR(H2="",I2=""),"",I2/H2) | M2: =IF(I2="","",I2-F2) | N2: =IF(I2="","",IFERROR(I2/F2,"")) | O2: =IF(I2="","Not Started",IF(I2>=F2,"Complete","In Progress")) -> Not Started | R2: Training day: onboarding, process familiarization, calibration, and coached starter production
A3: 2 | B3: 46267 | C3: =TEXT(B3,"mmm yyyy") -> Sep 2026 | D3: =TEXT(B3,"ddd") -> Wed | E3: 3 | F3: 4.62 | G3: =IFERROR(F3/E3,0) -> 1.54 | J3: =IF(OR(H3="",I3=""),"",I3/H3) | M3: =IF(I3="","",I3-F3) | N3: =IF(I3="","",IFERROR(I3/F3,"")) | O3: =IF(I3="","Not Started",IF(I3>=F3,"Complete","In Progress")) -> Not Started | R3: Training day: coached production, error correction, quality review, and workflow adjustment
A4: 3 | B4: 46268 | C4: =TEXT(B4,"mmm yyyy") -> Sep 2026 | D4: =TEXT(B4,"ddd") -> Thu | E4: 3 | F4: 4.62 | G4: =IFERROR(F4/E4,0) -> 1.54 | J4: =IF(OR(H4="",I4=""),"",I4/H4) | M4: =IF(I4="","",I4-F4) | N4: =IF(I4="","",IFERROR(I4/F4,"")) | O4: =IF(I4="","Not Started",IF(I4>=F4,"Complete","In Progress")) -> Not Started | R4: Training day: coached production, error correction, quality review, and workflow adjustment
A5: 4 | B5: 46269 | C5: =TEXT(B5,"mmm yyyy") -> Sep 2026 | D5: =TEXT(B5,"ddd") -> Fri | E5: 3 | F5: 4.62 | G5: =IFERROR(F5/E5,0) -> 1.54 | J5: =IF(OR(H5="",I5=""),"",I5/H5) | M5: =IF(I5="","",I5-F5) | N5: =IF(I5="","",IFERROR(I5/F5,"")) | O5: =IF(I5="","Not Started",IF(I5>=F5,"Complete","In Progress")) -> Not Started | R5: Training day: coached production, error correction, quality review, and workflow adjustment
A6: 5 | B6: 46272 | C6: =TEXT(B6,"mmm yyyy") -> Sep 2026 | D6: =TEXT(B6,"ddd") -> Mon | E6: 3 | F6: 4.62 | G6: =IFERROR(F6/E6,0) -> 1.54 | J6: =IF(OR(H6="",I6=""),"",I6/H6) | M6: =IF(I6="","",I6-F6) | N6: =IF(I6="","",IFERROR(I6/F6,"")) | O6: =IF(I6="","Not Started",IF(I6>=F6,"Complete","In Progress")) -> Not Started | R6: Training day: coached production, error correction, quality review, and workflow adjustment
A7: 6 | B7: 46273 | C7: =TEXT(B7,"mmm yyyy") -> Sep 2026 | D7: =TEXT(B7,"ddd") -> Tue | E7: 3 | F7: 4.62 | G7: =IFERROR(F7/E7,0) -> 1.54 | J7: =IF(OR(H7="",I7=""),"",I7/H7) | M7: =IF(I7="","",I7-F7) | N7: =IF(I7="","",IFERROR(I7/F7,"")) | O7: =IF(I7="","Not Started",IF(I7>=F7,"Complete","In Progress")) -> Not Started | R7: Training day: coached production, error correction, quality review, and workflow adjustment
A8: 7 | B8: 46274 | C8: =TEXT(B8,"mmm yyyy") -> Sep 2026 | D8: =TEXT(B8,"ddd") -> Wed | E8: 3 | F8: 4.62 | G8: =IFERROR(F8/E8,0) -> 1.54 | J8: =IF(OR(H8="",I8=""),"",I8/H8) | M8: =IF(I8="","",I8-F8) | N8: =IF(I8="","",IFERROR(I8/F8,"")) | O8: =IF(I8="","Not Started",IF(I8>=F8,"Complete","In Progress")) -> Not Started | R8: Training day: coached production, error correction, quality review, and workflow adjustment
A9: 8 | B9: 46275 | C9: =TEXT(B9,"mmm yyyy") -> Sep 2026 | D9: =TEXT(B9,"ddd") -> Thu | E9: 3 | F9: 4.62 | G9: =IFERROR(F9/E9,0) -> 1.54 | J9: =IF(OR(H9="",I9=""),"",I9/H9) | M9: =IF(I9="","",I9-F9) | N9: =IF(I9="","",IFERROR(I9/F9,"")) | O9: =IF(I9="","Not Started",IF(I9>=F9,"Complete","In Progress")) -> Not Started | R9: Training day: coached production, error correction, quality review, and workflow adjustment
A10: 9 | B10: 46276 | C10: =TEXT(B10,"mmm yyyy") -> Sep 2026 | D10: =TEXT(B10,"ddd") -> Fri | E10: 3 | F10: 4.62 | G10: =IFERROR(F10/E10,0) -> 1.54 | J10: =IF(OR(H10="",I10=""),"",I10/H10) | M10: =IF(I10="","",I10-F10) | N10: =IF(I10="","",IFERROR(I10/F10,"")) | O10: =IF(I10="","Not Started",IF(I10>=F10,"Complete","In Progress")) -> Not Started | R10: Training day: coached production, error correction, quality review, and workflow adjustment
A11: 10 | B11: 46279 | C11: =TEXT(B11,"mmm yyyy") -> Sep 2026 | D11: =TEXT(B11,"ddd") -> Mon | E11: 3 | F11: 4.62 | G11: =IFERROR(F11/E11,0) -> 1.54 | J11: =IF(OR(H11="",I11=""),"",I11/H11) | M11: =IF(I11="","",I11-F11) | N11: =IF(I11="","",IFERROR(I11/F11,"")) | O11: =IF(I11="","Not Started",IF(I11>=F11,"Complete","In Progress")) -> Not Started | R11: Training day: coached production, error correction, quality review, and workflow adjustment
A12: 11 | B12: 46280 | C12: =TEXT(B12,"mmm yyyy") -> Sep 2026 | D12: =TEXT(B12,"ddd") -> Tue | E12: 3 | F12: 4.62 | G12: =IFERROR(F12/E12,0) -> 1.54 | J12: =IF(OR(H12="",I12=""),"",I12/H12) | M12: =IF(I12="","",I12-F12) | N12: =IF(I12="","",IFERROR(I12/F12,"")) | O12: =IF(I12="","Not Started",IF(I12>=F12,"Complete","In Progress")) -> Not Started | R12: Training day: coached production, error correction, quality review, and workflow adjustment
A13: 12 | B13: 46281 | C13: =TEXT(B13,"mmm yyyy") -> Sep 2026 | D13: =TEXT(B13,"ddd") -> Wed | E13: 3 | F13: 4.62 | G13: =IFERROR(F13/E13,0) -> 1.54 | J13: =IF(OR(H13="",I13=""),"",I13/H13) | M13: =IF(I13="","",I13-F13) | N13: =IF(I13="","",IFERROR(I13/F13,"")) | O13: =IF(I13="","Not Started",IF(I13>=F13,"Complete","In Progress")) -> Not Started | R13: Training day: coached production, error correction, quality review, and workflow adjustment
... A66: 65 | B66: 46356 | C66: =TEXT(B66,"mmm yyyy") -> Nov 2026 | D66: =TEXT(B66,"ddd") -> Mon | E66: 3 | F66: 4.61 | G66: =IFERROR(F66/E66,0) -> 1.54 | J66: =IF(OR(H66="",I66=""),"",I66/H66) | M66: =IF(I66="","",I66-F66) | N66: =IF(I66="","",IFERROR(I66/F66,"")) | O66: =IF(I66="","Not Started",IF(I66>=F66,"Complete","In Progress")) -> Not Started | R66: Maintenance day: corrections, validation, exception resolution, and remaining production

Sheet LPB Phase Summary
A1: Phase | B1: Duration Days | C1: Target Share | D1: Planned Tasks | E1: Target Employees | F1: Records per Employee | G1: Target Hours | H1: Expected Completion % | I1: Focus
A2: Learning | B2: 22 | C2: 20% | D2: 60 | E2: 3 | F2: 20 | G2: 32 | H2: 20 | I2: Train the team, confirm workflow rules, calibrate quality expectations, and ramp production gradually.
A3: Performing | B3: 22 | C3: 50% | D3: 150 | E3: 3 | F3: 50 | G3: 80 | H3: 70 | I3: Run the main production workload at the highest stable target while maintaining quality standards.
A4: Breakthrough | B4: 22 | C4: 30% | D4: 90 | E4: 3 | F4: 30 | G4: 48 | H4: 100 | I4: Complete remaining production, resolve backlogs, perform maintenance, rework exceptions, and validate final output.

Sheet Weekly Schedule
A1: Week | B1: Start Date | C1: End Date | D1: Planned Tasks | E1: Focus | F1: Review Checkpoint
A2: 1 | B2: 2026-07-29 | C2: 2026-08-04 | D2: 15 | E2: Training day: onboarding, process familiarization, calibration, and coached starter production | F2: Team lead check-in
A3: 2 | B3: 2026-08-05 | C3: 2026-08-11 | D3: 15 | E3: Training day: coached production, error correction, quality review, and workflow adjustment | F3: Progress review and issue clearing
A4: 3 | B4: 2026-08-12 | C4: 2026-08-18 | D4: 15 | E4: Training day: coached production, error correction, quality review, and workflow adjustment | F4: Team lead check-in
A5: 4 | B5: 2026-08-19 | C5: 2026-08-25 | D5: 11 | E5: Training day: coached production, error correction, quality review, and workflow adjustment | F5: Progress review and issue clearing
A6: 5 | B6: 2026-08-26 | C6: 2026-09-01 | D6: 25 | E6: Training day: coached production, error correction, quality review, and workflow adjustment | F6: Team lead check-in
A7: 6 | B7: 2026-09-02 | C7: 2026-09-08 | D7: 35 | E7: Full-production day: maximize planned output while monitoring quality and workforce utilization | F7: Progress review and issue clearing
A8: 7 | B8: 2026-09-09 | C8: 2026-09-15 | D8: 35 | E8: Full-production day: maximize planned output while monitoring quality and workforce utilization | F8: Team lead check-in
A9: 8 | B9: 2026-09-16 | C9: 2026-09-22 | D9: 35 | E9: Full-production day: maximize planned output while monitoring quality and workforce utilization | F9: Progress review and issue clearing
A10: 9 | B10: 2026-09-23 | C10: 2026-09-29 | D10: 29 | E10: Full-production day: maximize planned output while monitoring quality and workforce utilization | F10: Team lead check-in
A11: 10 | B11: 2026-09-30 | C11: 2026-10-06 | D11: 21 | E11: Maintenance day: corrections, validation, exception resolution, and remaining production | F11: Progress review and issue clearing
A12: 11 | B12: 2026-10-07 | C12: 2026-10-13 | D12: 20 | E12: Maintenance day: corrections, validation, exception resolution, and remaining production | F12: Team lead check-in
A13: 12 | B13: 2026-10-14 | C13: 2026-10-20 | D13: 20 | E13: Maintenance day: corrections, validation, exception resolution, and remaining production | F13: Progress review and issue clearing
... A15: 14 | B15: 2026-10-28 | C15: 2026-10-28 | D15: 4 | E15: Final validation day: final QA, completion review, corrections signoff, and delivery preparation | F15: Progress review and issue clearing

Sheet Resource Allocation
A1: Resource | B1: Role | C1: Planned Hours | D1: Primary Focus | E1: Notes
A2: Task Approver 1 | B2: Task Approver | C2: 53.33 | D2: Learning | E2: Weekday allocation
A3: Task Approver 2 | B3: Task Approver | C3: 53.33 | D3: Performing | E3: Weekday allocation
A4: Task Approver 3 | B4: Task Approver | C4: 53.33 | D4: Breakthrough | E4: Weekday allocation

Sheet Milestones
A1: Milestone | B1: Target Date | C1: Owner | D1: Dependency | E1: Acceptance Check
A2: Learning complete | B2: 2026-08-27 | C2: Resource 1 | D2: Inputs confirmed | E2: Train the team, confirm workflow rules, calibrate quality expectations, and ramp production gradually.
A3: Performing complete | B3: 2026-09-28 | C3: Resource 2 | D3: Learning complete | E3: Run the main production workload at the highest stable target while maintaining quality standards.
A4: Breakthrough complete | B4: 2026-10-28 | C4: Project lead | D4: Performing complete | E4: Complete remaining production, resolve backlogs, perform maintenance, rework exceptions, and validate final output.

Sheet QA Review
A1: Checkpoint | B1: Date | C1: Scope | D1: Owner | E1: Criteria
A2: Week 1 quality review | B2: 2026-08-04 | C2: Progress review, blockers, and output completeness | D2: Project lead | E2: Output meets agreed rules before continuing
A3: Week 2 quality review | B3: 2026-08-11 | C3: Progress review, blockers, and output completeness | D3: Project lead | E3: Output meets agreed rules before continuing
A4: Week 3 quality review | B4: 2026-08-18 | C4: Progress review, blockers, and output completeness | D4: Project lead | E4: Output meets agreed rules before continuing
A5: Week 4 quality review | B5: 2026-08-25 | C5: Progress review, blockers, and output completeness | D5: Project lead | E5: Output meets agreed rules before continuing
A6: Week 5 quality review | B6: 2026-09-01 | C6: Progress review, blockers, and output completeness | D6: Project lead | E6: Output meets agreed rules before continuing
A7: Week 6 quality review | B7: 2026-09-08 | C7: Progress review, blockers, and output completeness | D7: Project lead | E7: Output meets agreed rules before continuing
A8: Week 7 quality review | B8: 2026-09-15 | C8: Progress review, blockers, and output completeness | D8: Project lead | E8: Output meets agreed rules before continuing
A9: Week 8 quality review | B9: 2026-09-22 | C9: Progress review, blockers, and output completeness | D9: Project lead | E9: Output meets agreed rules before continuing
A10: Week 9 quality review | B10: 2026-09-29 | C10: Progress review, blockers, and output completeness | D10: Project lead | E10: Output meets agreed rules before continuing
A11: Week 10 quality review | B11: 2026-10-06 | C11: Progress review, blockers, and output completeness | D11: Project lead | E11: Output meets agreed rules before continuing
A12: Week 11 quality review | B12: 2026-10-13 | C12: Progress review, blockers, and output completeness | D12: Project lead | E12: Output meets agreed rules before continuing
... A15: Final review | B15: 2026-10-28 | C15: Progress review, blockers, and output completeness | D15: Project lead | E15: Output meets agreed rules before continuing

Sheet Risks and Assumptions
A1: Type | B1: Item | C1: Impact | D1: Mitigation / Note
A2: Risk | B2: Staffing shortages or unavailability | C2: Reduces throughput and delays task approval | D2: Maintain a buffer of 1-2 additional staff for unexpected absences.
A3: Risk | B3: Review process delays | C3: Reduces daily task approval rate | D3: Implement a dedicated review queue and prioritize urgent tasks.
A4: Risk | B4: Inconsistent throughput | C4: Affects overall project timeline and resource allocation | D4: Monitor daily performance and adjust staffing or hours as needed.
A5: Assumption | B5: Weekends excluded | C5: Controls available workdays and daily target tasks | D5: Schedule generated from normalized planning constraints.

Sheet Progress Tracker
A1: Period | B1: Planned Tasks | C1: Actual Tasks | D1: Variance | E1: Completion % | F1: Status | G1: Notes
A2: Week 1 | B2: 15 | F2: Not Started
A3: Week 2 | B3: 15 | F3: Not Started
A4: Week 3 | B4: 15 | F4: Not Started
A5: Week 4 | B5: 11 | F5: Not Started
A6: Week 5 | B6: 25 | F6: Not Started
A7: Week 6 | B7: 35 | F7: Not Started
A8: Week 7 | B8: 35 | F8: Not Started
A9: Week 8 | B9: 35 | F9: Not Started
A10: Week 9 | B10: 29 | F10: Not Started
A11: Week 10 | B11: 21 | F11: Not Started
A12: Week 11 | B12: 20 | F12: Not Started
A13: Week 12 | B13: 20 | F13: Not Started
... A15: Week 14 | B15: 4 | F15: Not Started

Sheet Summary
A1: Metric | B1: Value
A2: Project type | B2: manufacturing
A3: Production unit | B3: tasks
A4: Start date | B4: 2026-07-29
A5: End date | B5: 2026-10-28
A6: Total planned hours | B6: 160
A7: Team size | B7: 3
A8: Schedule mode | B8: Weekdays only
A9: Total planned tasks | B9: 300
A10: LPB output split | B10: Learning 20%, Performing 50%, Breakthrough 30%

Sheet Project Information
A1: Field | B1: Value
A2: Project category | B2: manufacturing
A3: Production unit | B3: tasks
A4: Planning model | B4: LPB Model
A5: Feasibility status | B5: FEASIBLE
A6: Requires clarification | B6: false
A7: Clarification questions

Sheet Capacity Analysis
A1: Metric | B1: Formula | C1: Value | D1: Unit
A2: Available person-hours | B2: teamSize × workingDays × productiveHoursPerDay | C2: 1584 | D2: hours
A3: Required hours | B3: planned production hours + quality review hours | C3: 160 | D3: hours
A4: Production hours | B4: requiredHours - qualityReviewHours | C4: 140.8 | D4: hours
A5: Quality review hours | B5: max(requiredHours × 12%, scheduledDays × 0.25) | C5: 19.2 | D5: hours
A6: Utilization | B6: requiredHours ÷ availablePersonHours × 100 | C6: 10.1 | D6: %
A7: Buffer hours | B7: availablePersonHours - requiredHours | C7: 1424 | D7: hours
A8: Required daily output | B8: planned workload ÷ workingDays | C8: 4.55 | D8: tasks
A9: Required output per resource per day | B9: requiredDailyOutput ÷ teamSize | C9: 1.52 | D9: tasks
A10: Feasibility status | B10: deterministic utilization and assumption check | C10: FEASIBLE | D10: status

Sheet Workflow Stages
A1: Stage ID | B1: Stage Name | C1: Purpose | D1: Owner Role | E1: Inputs | F1: Outputs | G1: Planned Start | H1: Planned End | I1: Estimated Hours | J1: Dependencies | K1: Completion Criteria
A2: STG-01 | B2: Learning | C2: Train the team, confirm workflow rules, calibrate quality expectations, and ramp production gradually. | D2: Machine/operator | E2: Project request and confirmed constraints | F2: Learning deliverables | G2: 2026-07-29 | H2: 2026-08-27 | I2: 32 | K2: Train the team, confirm workflow rules, calibrate quality expectations, and ramp production gradually.
A3: STG-02 | B3: Performing | C3: Run the main production workload at the highest stable target while maintaining quality standards. | D3: Machine/operator | E3: Learning outputs | F3: Performing deliverables | G3: 2026-08-28 | H3: 2026-09-28 | I3: 80 | J3: STG-01 | K3: Run the main production workload at the highest stable target while maintaining quality standards.
A4: STG-03 | B4: Breakthrough | C4: Complete remaining production, resolve backlogs, perform maintenance, rework exceptions, and validate final output. | D4: Machine/operator | E4: Performing outputs | F4: Breakthrough deliverables | G4: 2026-09-29 | H4: 2026-10-28 | I4: 48 | J4: STG-02 | K4: Complete remaining production, resolve backlogs, perform maintenance, rework exceptions, and validate final output.

Sheet Task Breakdown
A1: Task ID | B1: Task Name | C1: Description | D1: Workflow Stage | E1: Assigned Role | F1: Priority | G1: Planned Start | H1: Planned End | I1: Estimated Hours | J1: Planned Quantity | K1: Production Unit | L1: Daily Target | M1: Dependencies | N1: Expected Deliverable | O1: Completion Criteria | P1: Initial Status
A2: TASK-001 | B2: Training day: coached production, error correction, quality review, and workflow adjustment | C2: Train the team, confirm workflow rules, calibrate quality expectations, and ramp production gradually. | D2: STG-01 | E2: Machine/operator | F2: MEDIUM | G2: 2026-09-01 | H2: 2026-09-30 | I2: 32 | J2: 60 | K2: tasks | L2: 2.73 | N2: Learning completed | O2: Train the team, confirm workflow rules, calibrate quality expectations, and ramp production gradually. | P2: NOT_STARTED
A3: TASK-002 | B3: Full-production day: maximize planned output while monitoring quality and workforce utilization | C3: Run the main production workload at the highest stable target while maintaining quality standards. | D3: STG-02 | E3: Machine/operator | F3: MEDIUM | G3: 2026-10-01 | H3: 2026-11-02 | I3: 80 | J3: 150 | K3: tasks | L3: 6.82 | M3: TASK-001 | N3: Performing completed | O3: Run the main production workload at the highest stable target while maintaining quality standards. | P3: NOT_STARTED
A4: TASK-003 | B4: Maintenance day: corrections, validation, exception resolution, and remaining production | C4: Complete remaining production, resolve backlogs, perform maintenance, rework exceptions, and validate final output. | D4: STG-03 | E4: Machine/operator | F4: HIGH | G4: 2026-11-02 | H4: 2026-11-30 | I4: 48 | J4: 90 | K4: tasks | L4: 4.09 | M4: TASK-002 | N4: Breakthrough completed | O4: Complete remaining production, resolve backlogs, perform maintenance, rework exceptions, and validate final output. | P4: NOT_STARTED

Sheet Quality Plan
A1: Area | B1: Method | C1: Target | D1: Planned Hours
A2: Review coverage | B2: Batch inspection and defect isolation | C2: Material sample reviewed before completion | D2: 19.2
A3: Rework handling | B3: Track exceptions separately and recheck corrected output | C3: No unresolved critical exceptions at closeout | D3: 6.72

Sheet Risk Register
A1: Risk ID | B1: Description | C1: Category | D1: Probability | E1: Impact | F1: Severity | G1: Trigger | H1: Mitigation | I1: Contingency | J1: Owner Role
A2: RISK-001 | B2: Staffing shortages or unavailability | C2: manufacturing | D2: MEDIUM | E2: MEDIUM | F2: MODERATE | G2: Progress, quality, or resource indicator moves outside threshold | H2: Maintain a buffer of 1-2 additional staff for unexpected absences. | I2: Use buffer and prioritize critical deliverables. | J2: Project lead
A3: RISK-002 | B3: Review process delays | C3: manufacturing | D3: MEDIUM | E3: MEDIUM | F3: MODERATE | G3: Progress, quality, or resource indicator moves outside threshold | H3: Implement a dedicated review queue and prioritize urgent tasks. | I3: Use buffer and prioritize critical deliverables. | J3: Project lead
A4: RISK-003 | B4: Inconsistent throughput | C4: manufacturing | D4: MEDIUM | E4: MEDIUM | F4: MODERATE | G4: Progress, quality, or resource indicator moves outside threshold | H4: Monitor daily performance and adjust staffing or hours as needed. | I4: Use buffer and prioritize critical deliverables. | J4: Project lead

Sheet KPI Tracker
A1: KPI ID | B1: Name | C1: Description | D1: Formula | E1: Unit | F1: Target | G1: Warning Threshold | H1: Critical Threshold | I1: Source Data
A2: KPI-001 | B2: Planned output | C2: Total planned workload | D2: SUM primary target column | E2: tasks | F2: 300 | G2: Below daily target | H2: Below 85% of target | I2: Production Plan
A3: KPI-002 | B3: Capacity utilization | C3: Required hours as percentage of available person-hours | D3: requiredHours / availablePersonHours | E3: % | F3: 10.1 | G3: 85% | H3: 100% | I3: Capacity Analysis
A4: KPI-003 | B4: Quality review allocation | C4: Hours reserved for quality-control work | D4: qualityReviewHours | E4: hours | F4: 19.2 | G4: Below 10% of required hours | H4: No quality allocation | I4: Quality Plan

Sheet Chart Specs
A1: Chart ID | B1: Chart Title | C1: Chart Type | D1: Purpose | E1: Source Worksheet | F1: Category Field | G1: Value Fields | H1: Aggregation | I1: Filters | J1: Display Target
A2: CHART-001 | B2: Planned Tasks by Day | C2: line | D2: Show daily production targets | E2: Production Plan | F2: Date | G2: Planned Tasks | H2: sum | J2: BOTH
A3: CHART-002 | B3: Capacity vs Required Hours | C3: bar | D3: Compare available and required hours | E3: Capacity Analysis | F3: Metric | G3: Value | H3: none | I3: Available person-hours, Required hours, Buffer hours | J3: BOTH
A4: CHART-003 | B4: Risk Distribution | C4: bar | D4: Summarize risks by impact | E4: Risk Register | F4: Impact | G4: Risk ID | H4: count | J4: DASHBOARD

Sheet Monthly Summary
A1: Month | B1: Planned Hours | C1: Actual Hours | D1: Variance | E1: Completion Rate
A2: Sep 2026 | B2: =SUMIF('Production Plan'!$C$2:$C$66,A2,'Production Plan'!$F$2:$F$66) -> 101.64 | C2: =SUMIF('Production Plan'!$C$2:$C$66,A2,'Production Plan'!$I$2:$I$66) -> 0 | D2: =IF(COUNT('Production Plan'!$I$2:$I$66)=0,"",C2-B2) | E2: =IF(C2=0,"",IFERROR(C2/B2,""))
A3: Oct 2026 | B3: =SUMIF('Production Plan'!$C$2:$C$66,A3,'Production Plan'!$F$2:$F$66) -> 101.55 | C3: =SUMIF('Production Plan'!$C$2:$C$66,A3,'Production Plan'!$I$2:$I$66) -> 0 | D3: =IF(COUNT('Production Plan'!$I$2:$I$66)=0,"",C3-B3) | E3: =IF(C3=0,"",IFERROR(C3/B3,""))
A4: Nov 2026 | B4: =SUMIF('Production Plan'!$C$2:$C$66,A4,'Production Plan'!$F$2:$F$66) -> 96.81 | C4: =SUMIF('Production Plan'!$C$2:$C$66,A4,'Production Plan'!$I$2:$I$66) -> 0 | D4: =IF(COUNT('Production Plan'!$I$2:$I$66)=0,"",C4-B4) | E4: =IF(C4=0,"",IFERROR(C4/B4,""))

Sheet Phases & Risks
A1: Delivery Phases & Risk Register
A4: Phase | B4: Objective
A5: Learning | B5: Complete planned production work.
A6: Performing | B6: Complete planned production work.
A7: Breakthrough | B7: Complete planned production work.
A10: Risk | B10: Impact | C10: Mitigation
A11: Staffing shortages or unavailability | B11: Reduces throughput and delays task approval | C11: Maintain a buffer of 1-2 additional staff for unexpected absences.
A12: Review process delays | B12: Reduces daily task approval rate | C12: Implement a dedicated review queue and prioritize urgent tasks.
A13: Inconsistent throughput | B13: Affects overall project timeline and resource allocation | C13: Monitor daily performance and adjust staffing or hours as needed.
A14: Weekends excluded | B14: Controls available workdays and daily target tasks | C14: Schedule generated from normalized planning constraints.

Sheet Assumptions
A1: Planning Assumptions
A4: No. | B4: Assumption
A5: 1 | B5: Throughput rate is based on industry standards for task approval processes.
A6: 2 | B6: Staffing is fixed at 3 operators for the duration.
A7: 3 | B7: Review and rejection are treated as active work and not free.
A8: 4 | B8: All tasks must be reviewed before approval.
A9: 5 | B9: The LPB Model is applied to ensure linear progress and risk alignment.
A10: 6 | B10: Requested planning model preserved: LPB Model.
A11: 7 | B11: LPB phase boundaries divide scheduled workdays into approximately equal thirds with output/effort targets of 20%, 50%, and 30%.
A12: 8 | B12: Weekdays only scheduling was used.
A13: 9 | B13: 300 tasks distributed with LPB allocation: Learning 20%, Performing 50%, Breakthrough 30%.
A14: 10 | B14: Throughput: 2 tasks/person/hour (proposed by AI). Daily team target: ~48 tasks/day.
A15: 11 | B15: Revision 2: The deadline should change based on the start date and the the given timeframe of 3 months. So the deadline is 3 months after the startdate. The staffing and everything else sho...
A16: 12 | B16: Revision 3: Can you change the start date to September 1, 2026"? The deadline should change based on the start date and the the given timeframe of 3 months. So the deadline is 3 months afte...
A17: 13 | B17: Revision 4: Can you change the start date to September 1, 2026"? The deadline should change based on the start date and the the given timeframe of 3 months. So the deadline is 3 months afte...
