Workbook

Sheet Executive Summary
A1: Production Plan | Executive Summary
A4: Project | B4: Four-Month Annotation Production Plan | E4: Client | F4: Example Client
A5: Description | B5: Create a production plan for a class of 4 annotators over 4 calendar months with 400 total hours, starting 2026-08-01.
A8: Start Date | B8: 46235 | C8: Deadline | D8: 46356
A9: Schedule | B9: Calendar days | C9: Scheduled Days | D9: 122
A11: PLANNED HOURS | C11: TEAM SIZE | E11: ACTUAL HOURS | G11: COMPLETION
A12: =SUM('Production Plan'!F2:F123) -> 400 | C12: =MAX('Production Plan'!E2:E123) -> 4 | E12: =SUM('Production Plan'!I2:I123) -> 0 | G12: =IF(COUNT('Production Plan'!I2:I123)=0,"",IFERROR(E12/A12,""))
A16: Plan Summary
A17: A four-month, calendar-day production plan for four annotators with exactly 400 planned hours, supported by editable actuals, monthly rollups, phases, risks, and assumptions.

Sheet Production Plan
A1: No. | B1: Date | C1: Month | D1: Day | E1: Target Active Annotators | F1: Target Total Hours | G1: Target Total Hours per Annotator | H1: Actual Active Annotators | I1: Actual Total Hours | J1: Actual Total Hours per Annotator | K1: Target Hours | L1: Actual Hours | M1: Total Variance | N1: Completion Rate (%) | O1: Status | P1: Notes
A2: 1 | B2: 46235 | C2: =TEXT(B2,"mmm yyyy") -> Aug 2026 | D2: =TEXT(B2,"ddd") -> Sat | E2: 4 | F2: 3.28 | G2: =IFERROR(F2/E2,0) -> 0.82 | J2: =IF(OR(H2="",I2=""),"",I2/H2) | K2: =F2 -> 3.28 | L2: =IF(I2="","",I2) | M2: =IF(I2="","",I2-F2) | N2: =IF(I2="","",IFERROR(I2/F2,"")) | O2: =IF(I2="","Not Started",IF(I2>=F2,"Complete","In Progress")) -> Not Started
A3: 2 | B3: 46236 | C3: =TEXT(B3,"mmm yyyy") -> Aug 2026 | D3: =TEXT(B3,"ddd") -> Sun | E3: 4 | F3: 3.28 | G3: =IFERROR(F3/E3,0) -> 0.82 | J3: =IF(OR(H3="",I3=""),"",I3/H3) | K3: =F3 -> 3.28 | L3: =IF(I3="","",I3) | M3: =IF(I3="","",I3-F3) | N3: =IF(I3="","",IFERROR(I3/F3,"")) | O3: =IF(I3="","Not Started",IF(I3>=F3,"Complete","In Progress")) -> Not Started
A4: 3 | B4: 46237 | C4: =TEXT(B4,"mmm yyyy") -> Aug 2026 | D4: =TEXT(B4,"ddd") -> Mon | E4: 4 | F4: 3.28 | G4: =IFERROR(F4/E4,0) -> 0.82 | J4: =IF(OR(H4="",I4=""),"",I4/H4) | K4: =F4 -> 3.28 | L4: =IF(I4="","",I4) | M4: =IF(I4="","",I4-F4) | N4: =IF(I4="","",IFERROR(I4/F4,"")) | O4: =IF(I4="","Not Started",IF(I4>=F4,"Complete","In Progress")) -> Not Started
A5: 4 | B5: 46238 | C5: =TEXT(B5,"mmm yyyy") -> Aug 2026 | D5: =TEXT(B5,"ddd") -> Tue | E5: 4 | F5: 3.28 | G5: =IFERROR(F5/E5,0) -> 0.82 | J5: =IF(OR(H5="",I5=""),"",I5/H5) | K5: =F5 -> 3.28 | L5: =IF(I5="","",I5) | M5: =IF(I5="","",I5-F5) | N5: =IF(I5="","",IFERROR(I5/F5,"")) | O5: =IF(I5="","Not Started",IF(I5>=F5,"Complete","In Progress")) -> Not Started
A6: 5 | B6: 46239 | C6: =TEXT(B6,"mmm yyyy") -> Aug 2026 | D6: =TEXT(B6,"ddd") -> Wed | E6: 4 | F6: 3.28 | G6: =IFERROR(F6/E6,0) -> 0.82 | J6: =IF(OR(H6="",I6=""),"",I6/H6) | K6: =F6 -> 3.28 | L6: =IF(I6="","",I6) | M6: =IF(I6="","",I6-F6) | N6: =IF(I6="","",IFERROR(I6/F6,"")) | O6: =IF(I6="","Not Started",IF(I6>=F6,"Complete","In Progress")) -> Not Started
A7: 6 | B7: 46240 | C7: =TEXT(B7,"mmm yyyy") -> Aug 2026 | D7: =TEXT(B7,"ddd") -> Thu | E7: 4 | F7: 3.28 | G7: =IFERROR(F7/E7,0) -> 0.82 | J7: =IF(OR(H7="",I7=""),"",I7/H7) | K7: =F7 -> 3.28 | L7: =IF(I7="","",I7) | M7: =IF(I7="","",I7-F7) | N7: =IF(I7="","",IFERROR(I7/F7,"")) | O7: =IF(I7="","Not Started",IF(I7>=F7,"Complete","In Progress")) -> Not Started
A8: 7 | B8: 46241 | C8: =TEXT(B8,"mmm yyyy") -> Aug 2026 | D8: =TEXT(B8,"ddd") -> Fri | E8: 4 | F8: 3.28 | G8: =IFERROR(F8/E8,0) -> 0.82 | J8: =IF(OR(H8="",I8=""),"",I8/H8) | K8: =F8 -> 3.28 | L8: =IF(I8="","",I8) | M8: =IF(I8="","",I8-F8) | N8: =IF(I8="","",IFERROR(I8/F8,"")) | O8: =IF(I8="","Not Started",IF(I8>=F8,"Complete","In Progress")) -> Not Started
A9: 8 | B9: 46242 | C9: =TEXT(B9,"mmm yyyy") -> Aug 2026 | D9: =TEXT(B9,"ddd") -> Sat | E9: 4 | F9: 3.28 | G9: =IFERROR(F9/E9,0) -> 0.82 | J9: =IF(OR(H9="",I9=""),"",I9/H9) | K9: =F9 -> 3.28 | L9: =IF(I9="","",I9) | M9: =IF(I9="","",I9-F9) | N9: =IF(I9="","",IFERROR(I9/F9,"")) | O9: =IF(I9="","Not Started",IF(I9>=F9,"Complete","In Progress")) -> Not Started
A10: 9 | B10: 46243 | C10: =TEXT(B10,"mmm yyyy") -> Aug 2026 | D10: =TEXT(B10,"ddd") -> Sun | E10: 4 | F10: 3.28 | G10: =IFERROR(F10/E10,0) -> 0.82 | J10: =IF(OR(H10="",I10=""),"",I10/H10) | K10: =F10 -> 3.28 | L10: =IF(I10="","",I10) | M10: =IF(I10="","",I10-F10) | N10: =IF(I10="","",IFERROR(I10/F10,"")) | O10: =IF(I10="","Not Started",IF(I10>=F10,"Complete","In Progress")) -> Not Started
A11: 10 | B11: 46244 | C11: =TEXT(B11,"mmm yyyy") -> Aug 2026 | D11: =TEXT(B11,"ddd") -> Mon | E11: 4 | F11: 3.28 | G11: =IFERROR(F11/E11,0) -> 0.82 | J11: =IF(OR(H11="",I11=""),"",I11/H11) | K11: =F11 -> 3.28 | L11: =IF(I11="","",I11) | M11: =IF(I11="","",I11-F11) | N11: =IF(I11="","",IFERROR(I11/F11,"")) | O11: =IF(I11="","Not Started",IF(I11>=F11,"Complete","In Progress")) -> Not Started
A12: 11 | B12: 46245 | C12: =TEXT(B12,"mmm yyyy") -> Aug 2026 | D12: =TEXT(B12,"ddd") -> Tue | E12: 4 | F12: 3.28 | G12: =IFERROR(F12/E12,0) -> 0.82 | J12: =IF(OR(H12="",I12=""),"",I12/H12) | K12: =F12 -> 3.28 | L12: =IF(I12="","",I12) | M12: =IF(I12="","",I12-F12) | N12: =IF(I12="","",IFERROR(I12/F12,"")) | O12: =IF(I12="","Not Started",IF(I12>=F12,"Complete","In Progress")) -> Not Started
A13: 12 | B13: 46246 | C13: =TEXT(B13,"mmm yyyy") -> Aug 2026 | D13: =TEXT(B13,"ddd") -> Wed | E13: 4 | F13: 3.28 | G13: =IFERROR(F13/E13,0) -> 0.82 | J13: =IF(OR(H13="",I13=""),"",I13/H13) | K13: =F13 -> 3.28 | L13: =IF(I13="","",I13) | M13: =IF(I13="","",I13-F13) | N13: =IF(I13="","",IFERROR(I13/F13,"")) | O13: =IF(I13="","Not Started",IF(I13>=F13,"Complete","In Progress")) -> Not Started
... A123: 122 | B123: 46356 | C123: =TEXT(B123,"mmm yyyy") -> Nov 2026 | D123: =TEXT(B123,"ddd") -> Mon | E123: 4 | F123: 3.27 | G123: =IFERROR(F123/E123,0) -> 0.82 | J123: =IF(OR(H123="",I123=""),"",I123/H123) | K123: =F123 -> 3.27 | L123: =IF(I123="","",I123) | M123: =IF(I123="","",I123-F123) | N123: =IF(I123="","",IFERROR(I123/F123,"")) | O123: =IF(I123="","Not Started",IF(I123>=F123,"Complete","In Progress")) -> Not Started

Sheet Monthly Summary
A1: Month | B1: Planned Hours | C1: Actual Hours | D1: Variance | E1: Completion Rate
A2: Aug 2026 | B2: =SUMIF('Production Plan'!$C$2:$C$123,A2,'Production Plan'!$F$2:$F$123) -> 101.68 | C2: =SUMIF('Production Plan'!$C$2:$C$123,A2,'Production Plan'!$I$2:$I$123) -> 0 | D2: =IF(COUNT('Production Plan'!$I$2:$I$123)=0,"",C2-B2) | E2: =IF(C2=0,"",IFERROR(C2/B2,""))
A3: Sep 2026 | B3: =SUMIF('Production Plan'!$C$2:$C$123,A3,'Production Plan'!$F$2:$F$123) -> 98.4 | C3: =SUMIF('Production Plan'!$C$2:$C$123,A3,'Production Plan'!$I$2:$I$123) -> 0 | D3: =IF(COUNT('Production Plan'!$I$2:$I$123)=0,"",C3-B3) | E3: =IF(C3=0,"",IFERROR(C3/B3,""))
A4: Oct 2026 | B4: =SUMIF('Production Plan'!$C$2:$C$123,A4,'Production Plan'!$F$2:$F$123) -> 101.68 | C4: =SUMIF('Production Plan'!$C$2:$C$123,A4,'Production Plan'!$I$2:$I$123) -> 0 | D4: =IF(COUNT('Production Plan'!$I$2:$I$123)=0,"",C4-B4) | E4: =IF(C4=0,"",IFERROR(C4/B4,""))
A5: Nov 2026 | B5: =SUMIF('Production Plan'!$C$2:$C$123,A5,'Production Plan'!$F$2:$F$123) -> 98.24 | C5: =SUMIF('Production Plan'!$C$2:$C$123,A5,'Production Plan'!$I$2:$I$123) -> 0 | D5: =IF(COUNT('Production Plan'!$I$2:$I$123)=0,"",C5-B5) | E5: =IF(C5=0,"",IFERROR(C5/B5,""))

Sheet Phases & Risks
A1: Delivery Phases & Risk Register
A4: Phase | B4: Objective
A5: Mobilization | B5: Confirm inputs, guidelines, access, and team readiness.
A6: Pilot | B6: Validate instructions and calibrate quality expectations.
A7: Production | B7: Deliver the planned workload against daily targets.
A8: Closeout | B8: Resolve remaining issues and confirm final acceptance.
A11: Risk | B11: Impact | C11: Mitigation
A12: Late or incomplete source data | B12: Reduces available production time. | C12: Confirm readiness and escalation owners before kickoff.
A13: Guideline ambiguity | B13: Creates rework and inconsistent quality. | C13: Run a pilot and document adjudicated examples.
A14: Team availability | B14: Daily targets may be missed. | C14: Track attendance and rebalance work weekly.

Sheet Assumptions
A1: Planning Assumptions
A4: No. | B4: Assumption
A5: 1 | B5: Input data and annotation guidelines are available before kickoff.
A6: 2 | B6: All four annotators complete onboarding before production begins.
A7: 3 | B7: Quality review occurs throughout delivery rather than only at the end.
A8: 4 | B8: Calendar days scheduling was used.
A9: 5 | B9: Total target hours are distributed across 122 scheduled days.
